{"stats":{"minecraft:picked_up":{"minecraft:crafting_table":2,"minecraft:lilac":1,"minecraft:andesite":5,"minecraft:oak_log":19,"minecraft:dirt":22,"minecraft:raw_copper":28,"minecraft:cooked_mutton":1,"minecraft:cobbled_deepslate":2,"minecraft:stone_pickaxe":1,"minecraft:rose_bush":4,"minecraft:sugar_cane":6,"minecraft:chest":1,"minecraft:oak_planks":12,"minecraft:egg":1,"minecraft:raw_iron":18,"minecraft:torch":3,"minecraft:oak_sapling":3,"minecraft:netherrack":6,"minecraft:coal":24,"minecraft:cobblestone":57,"minecraft:oxeye_daisy":3},"minecraft:used":{"minecraft:cooked_mutton":1,"minecraft:stone_sword":13,"minecraft:stone_pickaxe":119,"minecraft:wooden_pickaxe":15,"minecraft:netherrack":5,"minecraft:iron_chestplate":1,"minecraft:torch":17,"minecraft:dirt":15,"minecraft:crafting_table":6,"minecraft:oak_log":1,"minecraft:oxeye_daisy":2,"minecraft:stone_axe":3,"minecraft:cobblestone":21,"minecraft:oak_sapling":1,"minecraft:andesite":1,"minecraft:egg":1},"minecraft:mined":{"minecraft:crafting_table":2,"minecraft:glow_lichen":2,"minecraft:torch":1,"minecraft:short_grass":2,"minecraft:grass_block":9,"minecraft:chest":1,"minecraft:rose_bush":4,"minecraft:copper_ore":6,"minecraft:sugar_cane":2,"minecraft:oxeye_daisy":3,"minecraft:wall_torch":2,"minecraft:iron_ore":15,"minecraft:lilac":1,"minecraft:andesite":5,"minecraft:bee_nest":3,"minecraft:coal_ore":25,"minecraft:oak_log":19,"minecraft:deepslate_iron_ore":3,"minecraft:dirt":11,"minecraft:stone":66,"minecraft:netherrack":6,"minecraft:oak_leaves":13,"minecraft:deepslate":2},"minecraft:dropped":{"minecraft:cobblestone":4,"minecraft:oak_planks":12,"minecraft:oxeye_daisy":1,"minecraft:torch":1,"minecraft:wooden_pickaxe":1},"minecraft:killed_by":{"minecraft:player":1,"minecraft:skeleton":2,"minecraft:spider":1,"minecraft:zombie":2},"minecraft:custom":{"minecraft:interact_with_furnace":13,"minecraft:mob_kills":1,"minecraft:interact_with_crafting_table":7,"minecraft:leave_game":6,"minecraft:time_since_death":0,"minecraft:sleep_in_bed":1,"minecraft:time_since_rest":222,"minecraft:sprint_one_cm":71600,"minecraft:damage_taken":1915,"minecraft:walk_one_cm":60090,"minecraft:drop":8,"minecraft:damage_dealt":942,"minecraft:swim_one_cm":2566,"minecraft:fly_one_cm":131914,"minecraft:open_chest":1,"minecraft:crouch_one_cm":10390,"minecraft:play_time":50684,"minecraft:deaths":7,"minecraft:sneak_time":4029,"minecraft:walk_under_water_one_cm":838,"minecraft:jump":764,"minecraft:walk_on_water_one_cm":3072,"minecraft:total_world_time":50684,"minecraft:fall_one_cm":25929},"minecraft:killed":{"minecraft:zombie":1},"minecraft:crafted":{"minecraft:wooden_sword":1,"minecraft:oak_planks":68,"minecraft:crafting_table":5,"minecraft:wooden_pickaxe":1,"minecraft:stone_axe":1,"minecraft:air":0,"minecraft:iron_chestplate":1,"minecraft:stick":20,"minecraft:iron_ingot":10,"minecraft:stone_pickaxe":1,"minecraft:stone_sword":1,"minecraft:torch":20}},"DataVersion":3953}