{"stats":{"minecraft:mined":{"minecraft:lilac":1,"minecraft:andesite":1,"minecraft:crafting_table":2,"minecraft:bee_nest":3,"minecraft:glow_lichen":2,"minecraft:torch":1,"minecraft:short_grass":2,"minecraft:coal_ore":13,"minecraft:oak_log":19,"minecraft:grass_block":9,"minecraft:chest":1,"minecraft:rose_bush":4,"minecraft:dirt":11,"minecraft:copper_ore":6,"minecraft:stone":24,"minecraft:netherrack":6,"minecraft:sugar_cane":2,"minecraft:oak_leaves":13,"minecraft:oxeye_daisy":3,"minecraft:wall_torch":1},"minecraft:killed_by":{"minecraft:player":1,"minecraft:skeleton":2,"minecraft:spider":1,"minecraft:zombie":1},"minecraft:used":{"minecraft:oak_log":1,"minecraft:stone_sword":13,"minecraft:oxeye_daisy":2,"minecraft:stone_pickaxe":40,"minecraft:wooden_pickaxe":15,"minecraft:stone_axe":3,"minecraft:netherrack":5,"minecraft:torch":2,"minecraft:dirt":11,"minecraft:crafting_table":5,"minecraft:oak_sapling":1,"minecraft:andesite":1,"minecraft:egg":1},"minecraft:custom":{"minecraft:time_since_rest":6145,"minecraft:sprint_one_cm":54578,"minecraft:damage_taken":1635,"minecraft:walk_one_cm":41205,"minecraft:mob_kills":1,"minecraft:drop":2,"minecraft:damage_dealt":930,"minecraft:swim_one_cm":2566,"minecraft:interact_with_crafting_table":6,"minecraft:fly_one_cm":99277,"minecraft:open_chest":1,"minecraft:crouch_one_cm":2419,"minecraft:play_time":30640,"minecraft:deaths":6,"minecraft:sneak_time":1042,"minecraft:walk_under_water_one_cm":838,"minecraft:jump":530,"minecraft:leave_game":5,"minecraft:time_since_death":6122,"minecraft:walk_on_water_one_cm":3072,"minecraft:total_world_time":30640,"minecraft:fall_one_cm":19969},"minecraft:crafted":{"minecraft:wooden_sword":1,"minecraft:oak_planks":68,"minecraft:crafting_table":5,"minecraft:stick":16,"minecraft:stone_pickaxe":1,"minecraft:wooden_pickaxe":1,"minecraft:stone_sword":1,"minecraft:torch":4,"minecraft:stone_axe":1},"minecraft:dropped":{"minecraft:oxeye_daisy":1,"minecraft:oak_planks":12},"minecraft:picked_up":{"minecraft:crafting_table":2,"minecraft:lilac":1,"minecraft:andesite":1,"minecraft:torch":2,"minecraft:oak_log":19,"minecraft:dirt":22,"minecraft:raw_copper":28,"minecraft:stone_pickaxe":1,"minecraft:rose_bush":4,"minecraft:sugar_cane":6,"minecraft:netherrack":6,"minecraft:oak_sapling":3,"minecraft:chest":1,"minecraft:oak_planks":12,"minecraft:coal":12,"minecraft:egg":1,"minecraft:cobblestone":22,"minecraft:oxeye_daisy":3},"minecraft:killed":{"minecraft:zombie":1}},"DataVersion":3953}