{"stats":{"minecraft:picked_up":{"minecraft:crafting_table":2,"minecraft:lilac":1,"minecraft:andesite":5,"minecraft:leather":4,"minecraft:oak_log":19,"minecraft:dirt":22,"minecraft:raw_copper":28,"minecraft:cooked_mutton":1,"minecraft:cobbled_deepslate":4,"minecraft:iron_ingot":9,"minecraft:stone_pickaxe":1,"minecraft:rose_bush":4,"minecraft:sugar_cane":6,"minecraft:chest":1,"minecraft:oak_planks":17,"minecraft:egg":1,"minecraft:stick":4,"minecraft:raw_iron":24,"minecraft:torch":4,"minecraft:oak_sapling":4,"minecraft:netherrack":6,"minecraft:coal":34,"minecraft:cobblestone":78,"minecraft:oxeye_daisy":3},"minecraft:used":{"minecraft:cooked_mutton":1,"minecraft:stone_sword":13,"minecraft:stone_pickaxe":136,"minecraft:wooden_pickaxe":15,"minecraft:netherrack":5,"minecraft:iron_chestplate":2,"minecraft:torch":30,"minecraft:dirt":15,"minecraft:crafting_table":6,"minecraft:oak_log":1,"minecraft:oxeye_daisy":2,"minecraft:stone_axe":3,"minecraft:cobblestone":25,"minecraft:oak_sapling":1,"minecraft:andesite":1,"minecraft:egg":1},"minecraft:mined":{"minecraft:crafting_table":2,"minecraft:glow_lichen":2,"minecraft:torch":1,"minecraft:short_grass":2,"minecraft:grass_block":9,"minecraft:chest":1,"minecraft:rose_bush":4,"minecraft:copper_ore":6,"minecraft:sugar_cane":2,"minecraft:oxeye_daisy":3,"minecraft:wall_torch":2,"minecraft:iron_ore":21,"minecraft:lilac":1,"minecraft:andesite":5,"minecraft:bee_nest":3,"minecraft:oak_log":19,"minecraft:coal_ore":35,"minecraft:deepslate_iron_ore":3,"minecraft:dirt":11,"minecraft:stone":67,"minecraft:netherrack":6,"minecraft:oak_leaves":13,"minecraft:deepslate":2},"minecraft:dropped":{"minecraft:cobblestone":4,"minecraft:oak_planks":12,"minecraft:oxeye_daisy":1,"minecraft:torch":1,"minecraft:wooden_pickaxe":1},"minecraft:killed_by":{"minecraft:player":1,"minecraft:skeleton":2,"minecraft:spider":1,"minecraft:zombie":2},"minecraft:custom":{"minecraft:interact_with_furnace":19,"minecraft:mob_kills":1,"minecraft:interact_with_crafting_table":11,"minecraft:leave_game":6,"minecraft:time_since_death":6122,"minecraft:sleep_in_bed":1,"minecraft:time_since_rest":6398,"minecraft:sprint_one_cm":86518,"minecraft:damage_taken":1985,"minecraft:walk_one_cm":69205,"minecraft:drop":8,"minecraft:damage_dealt":1005,"minecraft:swim_one_cm":2566,"minecraft:fly_one_cm":166186,"minecraft:player_kills":1,"minecraft:open_chest":1,"minecraft:crouch_one_cm":13868,"minecraft:play_time":56860,"minecraft:deaths":7,"minecraft:sneak_time":4916,"minecraft:walk_under_water_one_cm":838,"minecraft:jump":950,"minecraft:walk_on_water_one_cm":3342,"minecraft:total_world_time":56860,"minecraft:fall_one_cm":32618},"minecraft:killed":{"minecraft:zombie":1},"minecraft:crafted":{"minecraft:wooden_sword":1,"minecraft:oak_planks":68,"minecraft:crafting_table":5,"minecraft:wooden_pickaxe":1,"minecraft:stone_axe":1,"minecraft:air":0,"minecraft:iron_chestplate":2,"minecraft:stick":28,"minecraft:iron_ingot":14,"minecraft:iron_pickaxe":1,"minecraft:stone_pickaxe":2,"minecraft:stone_sword":1,"minecraft:torch":40}},"DataVersion":3953}