{"stats":{"minecraft:mined":{"minecraft:short_grass":1,"minecraft:oak_log":2,"minecraft:oxeye_daisy":3,"minecraft:oak_leaves":1},"minecraft:killed_by":{"minecraft:skeleton":1},"minecraft:used":{"minecraft:oxeye_daisy":2,"minecraft:oak_log":1},"minecraft:custom":{"minecraft:jump":38,"minecraft:time_since_rest":524,"minecraft:damage_dealt":161,"minecraft:damage_taken":245,"minecraft:leave_game":4,"minecraft:time_since_death":496,"minecraft:play_time":1980,"minecraft:sprint_one_cm":8098,"minecraft:walk_one_cm":8130,"minecraft:deaths":1,"minecraft:total_world_time":1980,"minecraft:drop":1,"minecraft:fly_one_cm":3752},"minecraft:dropped":{"minecraft:oxeye_daisy":1},"minecraft:picked_up":{"minecraft:oak_log":2,"minecraft:oak_sapling":1,"minecraft:oxeye_daisy":3}},"DataVersion":3953}