{"stats":{"minecraft:used":{"minecraft:cooked_mutton":1,"minecraft:stone_sword":13,"minecraft:stone_pickaxe":142,"minecraft:wooden_pickaxe":15,"minecraft:diamond_axe":10,"minecraft:netherrack":5,"minecraft:iron_chestplate":3,"minecraft:torch":54,"minecraft:dirt":15,"minecraft:crafting_table":7,"minecraft:white_bed":1,"minecraft:oak_log":1,"minecraft:diamond_pickaxe":48,"minecraft:oxeye_daisy":2,"minecraft:iron_pickaxe":14,"minecraft:stone_axe":3,"minecraft:cobblestone":49,"minecraft:oak_sapling":1,"minecraft:andesite":1,"minecraft:egg":1,"minecraft:cobbled_deepslate":22,"minecraft:iron_leggings":2},"minecraft:picked_up":{"minecraft:iron_chestplate":3,"minecraft:crafting_table":5,"minecraft:lilac":1,"minecraft:andesite":5,"minecraft:leather":12,"minecraft:oak_log":25,"minecraft:cornflower":1,"minecraft:dirt":22,"minecraft:raw_copper":28,"minecraft:iron_leggings":2,"minecraft:cooked_mutton":1,"minecraft:bone":8,"minecraft:cobbled_deepslate":30,"minecraft:raw_gold":6,"minecraft:iron_ingot":9,"minecraft:stone_pickaxe":3,"minecraft:oak_boat":3,"minecraft:rose_bush":4,"minecraft:iron_pickaxe":2,"minecraft:sugar_cane":6,"minecraft:chest":1,"minecraft:oak_planks":17,"minecraft:egg":1,"minecraft:stick":8,"minecraft:raw_iron":27,"minecraft:torch":17,"minecraft:porkchop":2,"minecraft:white_bed":2,"minecraft:arrow":6,"minecraft:rotten_flesh":10,"minecraft:diamond":12,"minecraft:oak_sapling":10,"minecraft:mutton":2,"minecraft:netherrack":6,"minecraft:white_wool":1,"minecraft:coal":50,"minecraft:diamond_pickaxe":2,"minecraft:cobblestone":88,"minecraft:oxeye_daisy":3},"minecraft:mined":{"minecraft:white_bed":1,"minecraft:deepslate_diamond_ore":4,"minecraft:crafting_table":3,"minecraft:glow_lichen":2,"minecraft:torch":3,"minecraft:short_grass":2,"minecraft:grass_block":9,"minecraft:chest":1,"minecraft:rose_bush":4,"minecraft:cobblestone":1,"minecraft:copper_ore":6,"minecraft:deepslate_gold_ore":3,"minecraft:sugar_cane":2,"minecraft:oxeye_daisy":3,"minecraft:wall_torch":3,"minecraft:iron_ore":21,"minecraft:cobbled_deepslate":5,"minecraft:lilac":1,"minecraft:andesite":6,"minecraft:bee_nest":4,"minecraft:bell":1,"minecraft:oak_log":24,"minecraft:coal_ore":44,"minecraft:deepslate_iron_ore":5,"minecraft:dirt":11,"minecraft:stone":72,"minecraft:netherrack":6,"minecraft:oak_leaves":14,"minecraft:deepslate":11},"minecraft:dropped":{"minecraft:cobblestone":4,"minecraft:oak_planks":12,"minecraft:oxeye_daisy":1,"minecraft:torch":1,"minecraft:oak_boat":2,"minecraft:wooden_pickaxe":1},"minecraft:killed_by":{"minecraft:player":1,"minecraft:skeleton":2,"minecraft:spider":1,"minecraft:zombie":2},"minecraft:custom":{"minecraft:interact_with_furnace":30,"minecraft:mob_kills":9,"minecraft:interact_with_crafting_table":14,"minecraft:leave_game":6,"minecraft:time_since_death":9587,"minecraft:sleep_in_bed":4,"minecraft:time_since_rest":9613,"minecraft:sprint_one_cm":157297,"minecraft:damage_taken":2577,"minecraft:walk_one_cm":154071,"minecraft:drop":10,"minecraft:damage_dealt":2297,"minecraft:talked_to_villager":1,"minecraft:swim_one_cm":2566,"minecraft:fly_one_cm":233006,"minecraft:player_kills":1,"minecraft:open_chest":1,"minecraft:crouch_one_cm":20635,"minecraft:play_time":80860,"minecraft:deaths":9,"minecraft:sneak_time":6618,"minecraft:walk_under_water_one_cm":5380,"minecraft:jump":1534,"minecraft:walk_on_water_one_cm":5336,"minecraft:total_world_time":80860,"minecraft:fall_one_cm":50136},"minecraft:killed":{"minecraft:pig":1,"minecraft:sheep":1,"minecraft:skeleton":2,"minecraft:zombie":2,"minecraft:bee":3},"minecraft:crafted":{"minecraft:wooden_sword":1,"minecraft:oak_planks":92,"minecraft:diamond_axe":1,"minecraft:crafting_table":5,"minecraft:wooden_pickaxe":1,"minecraft:stone_axe":1,"minecraft:air":0,"minecraft:oak_boat":2,"minecraft:iron_chestplate":2,"minecraft:stick":36,"minecraft:iron_ingot":20,"minecraft:iron_pickaxe":1,"minecraft:stone_pickaxe":2,"minecraft:stone_sword":1,"minecraft:iron_leggings":1,"minecraft:torch":52}},"DataVersion":3953}