{"stats":{"minecraft:mined":{"minecraft:short_grass":1,"minecraft:grass_block":4,"minecraft:oak_log":6,"minecraft:dirt":6,"minecraft:oxeye_daisy":3,"minecraft:oak_leaves":8},"minecraft:killed_by":{"minecraft:skeleton":1,"minecraft:spider":1,"minecraft:player":1},"minecraft:used":{"minecraft:oak_log":1,"minecraft:dirt":10,"minecraft:oxeye_daisy":2,"minecraft:crafting_table":1},"minecraft:custom":{"minecraft:time_since_rest":267,"minecraft:deaths":3,"minecraft:sprint_one_cm":11055,"minecraft:play_time":6640,"minecraft:damage_taken":775,"minecraft:walk_one_cm":15347,"minecraft:drop":2,"minecraft:jump":100,"minecraft:damage_dealt":402,"minecraft:leave_game":5,"minecraft:time_since_death":242,"minecraft:total_world_time":6640,"minecraft:interact_with_crafting_table":2,"minecraft:fall_one_cm":1546,"minecraft:fly_one_cm":9718},"minecraft:crafted":{"minecraft:wooden_sword":1,"minecraft:oak_planks":16,"minecraft:crafting_table":1,"minecraft:stick":4},"minecraft:dropped":{"minecraft:oxeye_daisy":1,"minecraft:oak_planks":12},"minecraft:picked_up":{"minecraft:oak_log":6,"minecraft:oak_sapling":1,"minecraft:oak_planks":12,"minecraft:dirt":12,"minecraft:oxeye_daisy":3}},"DataVersion":3953}