{"stats":{"minecraft:used":{"minecraft:cooked_mutton":1,"minecraft:stone_sword":13,"minecraft:stone_pickaxe":142,"minecraft:wooden_pickaxe":15,"minecraft:netherrack":5,"minecraft:iron_chestplate":3,"minecraft:torch":53,"minecraft:dirt":15,"minecraft:crafting_table":6,"minecraft:oak_log":1,"minecraft:diamond_pickaxe":19,"minecraft:oxeye_daisy":2,"minecraft:iron_pickaxe":14,"minecraft:stone_axe":3,"minecraft:cobblestone":44,"minecraft:oak_sapling":1,"minecraft:andesite":1,"minecraft:egg":1,"minecraft:cobbled_deepslate":17,"minecraft:iron_leggings":2},"minecraft:picked_up":{"minecraft:iron_chestplate":1,"minecraft:crafting_table":2,"minecraft:lilac":1,"minecraft:andesite":5,"minecraft:leather":8,"minecraft:oak_log":19,"minecraft:dirt":22,"minecraft:raw_copper":28,"minecraft:iron_leggings":1,"minecraft:cooked_mutton":1,"minecraft:bone":4,"minecraft:cobbled_deepslate":24,"minecraft:raw_gold":3,"minecraft:iron_ingot":9,"minecraft:stone_pickaxe":2,"minecraft:rose_bush":4,"minecraft:iron_pickaxe":1,"minecraft:sugar_cane":6,"minecraft:chest":1,"minecraft:oak_planks":17,"minecraft:egg":1,"minecraft:stick":7,"minecraft:raw_iron":26,"minecraft:torch":17,"minecraft:arrow":3,"minecraft:diamond":8,"minecraft:oak_sapling":5,"minecraft:netherrack":6,"minecraft:coal":39,"minecraft:diamond_pickaxe":1,"minecraft:cobblestone":83,"minecraft:oxeye_daisy":3},"minecraft:mined":{"minecraft:deepslate_diamond_ore":4,"minecraft:crafting_table":2,"minecraft:glow_lichen":2,"minecraft:torch":3,"minecraft:short_grass":2,"minecraft:grass_block":9,"minecraft:chest":1,"minecraft:rose_bush":4,"minecraft:cobblestone":1,"minecraft:copper_ore":6,"minecraft:deepslate_gold_ore":3,"minecraft:sugar_cane":2,"minecraft:oxeye_daisy":3,"minecraft:wall_torch":3,"minecraft:iron_ore":21,"minecraft:cobbled_deepslate":1,"minecraft:lilac":1,"minecraft:andesite":5,"minecraft:bee_nest":3,"minecraft:oak_log":19,"minecraft:coal_ore":35,"minecraft:deepslate_iron_ore":5,"minecraft:dirt":11,"minecraft:stone":67,"minecraft:netherrack":6,"minecraft:oak_leaves":13,"minecraft:deepslate":11},"minecraft:dropped":{"minecraft:cobblestone":4,"minecraft:oak_planks":12,"minecraft:oxeye_daisy":1,"minecraft:torch":1,"minecraft:wooden_pickaxe":1},"minecraft:killed_by":{"minecraft:player":1,"minecraft:skeleton":2,"minecraft:spider":1,"minecraft:zombie":2},"minecraft:custom":{"minecraft:interact_with_furnace":27,"minecraft:mob_kills":4,"minecraft:interact_with_crafting_table":12,"minecraft:leave_game":6,"minecraft:time_since_death":6955,"minecraft:sleep_in_bed":4,"minecraft:time_since_rest":6980,"minecraft:sprint_one_cm":122220,"minecraft:damage_taken":2314,"minecraft:walk_one_cm":115606,"minecraft:drop":8,"minecraft:damage_dealt":1691,"minecraft:swim_one_cm":2566,"minecraft:fly_one_cm":202984,"minecraft:player_kills":1,"minecraft:open_chest":1,"minecraft:crouch_one_cm":18630,"minecraft:play_time":68860,"minecraft:deaths":8,"minecraft:sneak_time":6172,"minecraft:walk_under_water_one_cm":838,"minecraft:jump":1283,"minecraft:walk_on_water_one_cm":3593,"minecraft:total_world_time":68860,"minecraft:fall_one_cm":44386},"minecraft:killed":{"minecraft:skeleton":2,"minecraft:zombie":2},"minecraft:crafted":{"minecraft:wooden_sword":1,"minecraft:oak_planks":68,"minecraft:crafting_table":5,"minecraft:wooden_pickaxe":1,"minecraft:stone_axe":1,"minecraft:air":0,"minecraft:iron_chestplate":2,"minecraft:stick":28,"minecraft:iron_ingot":20,"minecraft:iron_pickaxe":1,"minecraft:stone_pickaxe":2,"minecraft:stone_sword":1,"minecraft:iron_leggings":1,"minecraft:torch":52}},"DataVersion":3953}