{"stats":{"minecraft:mined":{"minecraft:andesite":1,"minecraft:glow_lichen":2,"minecraft:torch":1,"minecraft:short_grass":1,"minecraft:coal_ore":5,"minecraft:oak_log":10,"minecraft:grass_block":5,"minecraft:chest":1,"minecraft:dirt":7,"minecraft:copper_ore":6,"minecraft:stone":8,"minecraft:netherrack":6,"minecraft:oak_leaves":10,"minecraft:oxeye_daisy":3,"minecraft:wall_torch":1},"minecraft:killed_by":{"minecraft:player":1,"minecraft:skeleton":1,"minecraft:spider":1},"minecraft:used":{"minecraft:oak_log":1,"minecraft:oxeye_daisy":2,"minecraft:stone_pickaxe":31,"minecraft:netherrack":5,"minecraft:torch":2,"minecraft:dirt":11,"minecraft:crafting_table":2,"minecraft:andesite":1},"minecraft:custom":{"minecraft:time_since_rest":12267,"minecraft:sprint_one_cm":23002,"minecraft:damage_taken":805,"minecraft:walk_one_cm":27983,"minecraft:drop":2,"minecraft:damage_dealt":402,"minecraft:swim_one_cm":992,"minecraft:interact_with_crafting_table":4,"minecraft:fly_one_cm":35066,"minecraft:open_chest":1,"minecraft:crouch_one_cm":111,"minecraft:play_time":18640,"minecraft:deaths":3,"minecraft:sneak_time":32,"minecraft:walk_under_water_one_cm":68,"minecraft:jump":227,"minecraft:leave_game":5,"minecraft:time_since_death":12242,"minecraft:walk_on_water_one_cm":331,"minecraft:total_world_time":18640,"minecraft:fall_one_cm":7700},"minecraft:crafted":{"minecraft:wooden_sword":1,"minecraft:oak_planks":32,"minecraft:crafting_table":2,"minecraft:stick":8,"minecraft:stone_sword":1,"minecraft:torch":4,"minecraft:stone_axe":1},"minecraft:dropped":{"minecraft:oxeye_daisy":1,"minecraft:oak_planks":12},"minecraft:picked_up":{"minecraft:andesite":1,"minecraft:torch":2,"minecraft:oak_log":10,"minecraft:dirt":14,"minecraft:raw_copper":28,"minecraft:stone_pickaxe":1,"minecraft:netherrack":6,"minecraft:oak_sapling":1,"minecraft:chest":1,"minecraft:oak_planks":12,"minecraft:coal":5,"minecraft:cobblestone":7,"minecraft:oxeye_daisy":3}},"DataVersion":3953}