{"stats":{"minecraft:mined":{"minecraft:birch_leaves":2,"minecraft:crafting_table":2,"minecraft:short_grass":2,"minecraft:coal_ore":21,"minecraft:grass_block":4,"minecraft:oak_log":17,"minecraft:sunflower":2,"minecraft:dirt":14,"minecraft:copper_ore":2,"minecraft:stone":10,"minecraft:sugar_cane":4,"minecraft:oak_leaves":8},"minecraft:killed_by":{"minecraft:skeleton":1,"minecraft:zombie":1},"minecraft:used":{"minecraft:stone_pickaxe":24,"minecraft:wooden_pickaxe":9,"minecraft:stone_axe":18,"minecraft:wooden_sword":4,"minecraft:dirt":17,"minecraft:crafting_table":1},"minecraft:custom":{"minecraft:time_since_rest":11298,"minecraft:sprint_one_cm":35583,"minecraft:damage_taken":680,"minecraft:walk_one_cm":26744,"minecraft:mob_kills":10,"minecraft:drop":8,"minecraft:damage_dealt":1218,"minecraft:interact_with_crafting_table":10,"minecraft:swim_one_cm":5093,"minecraft:fly_one_cm":31705,"minecraft:player_kills":1,"minecraft:open_chest":1,"minecraft:crouch_one_cm":617,"minecraft:play_time":16624,"minecraft:deaths":2,"minecraft:sneak_time":222,"minecraft:walk_under_water_one_cm":165,"minecraft:jump":272,"minecraft:time_since_death":11271,"minecraft:walk_on_water_one_cm":1821,"minecraft:total_world_time":16624,"minecraft:fall_one_cm":5776},"minecraft:dropped":{"minecraft:raw_copper":6,"minecraft:stone_pickaxe":2},"minecraft:crafted":{"minecraft:oak_planks":40,"minecraft:crafting_table":1,"minecraft:stick":8,"minecraft:wooden_pickaxe":1,"minecraft:stone_pickaxe":2,"minecraft:stone_axe":1},"minecraft:picked_up":{"minecraft:crafting_table":2,"minecraft:stick":5,"minecraft:wooden_pickaxe":1,"minecraft:porkchop":8,"minecraft:oak_log":18,"minecraft:dirt":28,"minecraft:raw_copper":6,"minecraft:wooden_sword":1,"minecraft:bone":1,"minecraft:wheat_seeds":1,"minecraft:red_tulip":2,"minecraft:stone_pickaxe":1,"minecraft:oak_sapling":9,"minecraft:sugar_cane":9,"minecraft:mutton":3,"minecraft:oak_planks":43,"minecraft:coal":21,"minecraft:white_wool":3,"minecraft:cobblestone":19,"minecraft:sunflower":2},"minecraft:killed":{"minecraft:sheep":3,"minecraft:skeleton":1,"minecraft:zombie":2,"minecraft:pig":4}},"DataVersion":3953}