{"stats":{"minecraft:picked_up":{"minecraft:crafting_table":7,"minecraft:iron_chestplate":1,"minecraft:water_bucket":1,"minecraft:andesite":16,"minecraft:wooden_pickaxe":2,"minecraft:tuff":5,"minecraft:oak_log":27,"minecraft:shield":1,"minecraft:lapis_lazuli":43,"minecraft:dirt":54,"minecraft:raw_copper":6,"minecraft:wooden_sword":2,"minecraft:cooked_mutton":3,"minecraft:bone":5,"minecraft:wheat_seeds":1,"minecraft:cobbled_deepslate":227,"minecraft:raw_gold":10,"minecraft:iron_ingot":9,"minecraft:stone_pickaxe":2,"minecraft:iron_pickaxe":1,"minecraft:sugar_cane":18,"minecraft:iron_sword":1,"minecraft:oak_planks":69,"minecraft:furnace":2,"minecraft:stick":5,"minecraft:raw_iron":50,"minecraft:cooked_porkchop":4,"minecraft:fire_charge":1,"minecraft:porkchop":8,"minecraft:diorite":34,"minecraft:white_bed":2,"minecraft:arrow":2,"minecraft:rotten_flesh":11,"minecraft:diamond":57,"minecraft:stone_axe":1,"minecraft:granite":4,"minecraft:red_tulip":2,"minecraft:oak_sapling":15,"minecraft:obsidian":4,"minecraft:mutton":3,"minecraft:coal":69,"minecraft:white_wool":3,"minecraft:cobblestone":369,"minecraft:sunflower":2},"minecraft:used":{"minecraft:cooked_mutton":1,"minecraft:water_bucket":7,"minecraft:stone_pickaxe":143,"minecraft:wooden_pickaxe":9,"minecraft:shield":8,"minecraft:iron_sword":64,"minecraft:rotten_flesh":1,"minecraft:dirt":17,"minecraft:crafting_table":8,"minecraft:white_bed":3,"minecraft:tuff":5,"minecraft:oak_log":1,"minecraft:diamond_pickaxe":129,"minecraft:iron_pickaxe":359,"minecraft:stone_axe":25,"minecraft:wooden_sword":4,"minecraft:cobblestone":21,"minecraft:furnace":4,"minecraft:cooked_porkchop":8,"minecraft:bucket":8,"minecraft:cobbled_deepslate":74},"minecraft:mined":{"minecraft:tuff":5,"minecraft:white_bed":2,"minecraft:deepslate_diamond_ore":58,"minecraft:crafting_table":7,"minecraft:granite":4,"minecraft:short_grass":2,"minecraft:grass_block":7,"minecraft:copper_ore":2,"minecraft:deepslate_gold_ore":6,"minecraft:lapis_ore":2,"minecraft:sugar_cane":4,"minecraft:diorite":22,"minecraft:furnace":2,"minecraft:iron_ore":48,"minecraft:andesite":11,"minecraft:birch_leaves":2,"minecraft:deepslate_lapis_ore":5,"minecraft:deepslate_iron_ore":2,"minecraft:oak_log":18,"minecraft:coal_ore":34,"minecraft:sunflower":2,"minecraft:dirt":24,"minecraft:stone":211,"minecraft:gold_ore":4,"minecraft:oak_leaves":8,"minecraft:deepslate":222},"minecraft:broken":{"minecraft:stone_pickaxe":1,"minecraft:iron_pickaxe":1},"minecraft:dropped":{"minecraft:wheat_seeds":1,"minecraft:raw_copper":6,"minecraft:cooked_mutton":2,"minecraft:diamond_pickaxe":1,"minecraft:sunflower":2,"minecraft:stone_pickaxe":2,"minecraft:iron_pickaxe":1,"minecraft:red_tulip":1},"minecraft:killed_by":{"minecraft:skeleton":1,"minecraft:zombie":2},"minecraft:custom":{"minecraft:interact_with_furnace":24,"minecraft:mob_kills":27,"minecraft:interact_with_crafting_table":30,"minecraft:time_since_death":32422,"minecraft:sleep_in_bed":4,"minecraft:time_since_rest":27970,"minecraft:sprint_one_cm":130201,"minecraft:damage_taken":1513,"minecraft:walk_one_cm":116489,"minecraft:damage_blocked_by_shield":135,"minecraft:drop":16,"minecraft:damage_dealt":5200,"minecraft:swim_one_cm":11907,"minecraft:player_kills":1,"minecraft:fly_one_cm":98319,"minecraft:open_chest":1,"minecraft:crouch_one_cm":9377,"minecraft:play_time":70011,"minecraft:deaths":3,"minecraft:sneak_time":5052,"minecraft:walk_under_water_one_cm":2071,"minecraft:jump":986,"minecraft:walk_on_water_one_cm":9519,"minecraft:total_world_time":70011,"minecraft:fall_one_cm":18302},"minecraft:killed":{"minecraft:pig":4,"minecraft:spider":1,"minecraft:sheep":3,"minecraft:skeleton":5,"minecraft:zombie":14},"minecraft:crafted":{"minecraft:oak_planks":40,"minecraft:cooked_porkchop":8,"minecraft:crafting_table":2,"minecraft:wooden_pickaxe":1,"minecraft:iron_helmet":1,"minecraft:iron_sword":1,"minecraft:furnace":2,"minecraft:bucket":1,"minecraft:stone_axe":1,"minecraft:cooked_mutton":3,"minecraft:air":0,"minecraft:iron_boots":1,"minecraft:iron_chestplate":1,"minecraft:diamond_pickaxe":2,"minecraft:shield":1,"minecraft:stick":16,"minecraft:iron_ingot":29,"minecraft:iron_pickaxe":2,"minecraft:stone_pickaxe":3,"minecraft:iron_leggings":1,"minecraft:white_bed":1}},"DataVersion":3953}