{"stats":{"minecraft:picked_up":{"minecraft:crafting_table":6,"minecraft:iron_chestplate":1,"minecraft:water_bucket":1,"minecraft:andesite":10,"minecraft:wooden_pickaxe":2,"minecraft:tuff":4,"minecraft:oak_log":27,"minecraft:shield":1,"minecraft:lapis_lazuli":11,"minecraft:dirt":54,"minecraft:raw_copper":6,"minecraft:wooden_sword":2,"minecraft:cooked_mutton":3,"minecraft:bone":2,"minecraft:wheat_seeds":1,"minecraft:cobbled_deepslate":5,"minecraft:raw_gold":4,"minecraft:iron_ingot":8,"minecraft:stone_pickaxe":2,"minecraft:iron_pickaxe":1,"minecraft:sugar_cane":18,"minecraft:iron_sword":1,"minecraft:oak_planks":69,"minecraft:furnace":2,"minecraft:stick":5,"minecraft:raw_iron":49,"minecraft:cooked_porkchop":4,"minecraft:fire_charge":1,"minecraft:porkchop":8,"minecraft:diorite":31,"minecraft:white_bed":2,"minecraft:rotten_flesh":9,"minecraft:stone_axe":1,"minecraft:red_tulip":2,"minecraft:oak_sapling":15,"minecraft:obsidian":4,"minecraft:mutton":3,"minecraft:coal":69,"minecraft:white_wool":3,"minecraft:cobblestone":344,"minecraft:sunflower":2},"minecraft:used":{"minecraft:cooked_mutton":1,"minecraft:water_bucket":5,"minecraft:stone_pickaxe":143,"minecraft:wooden_pickaxe":9,"minecraft:shield":5,"minecraft:iron_sword":36,"minecraft:rotten_flesh":1,"minecraft:dirt":17,"minecraft:crafting_table":7,"minecraft:white_bed":3,"minecraft:oak_log":1,"minecraft:iron_pickaxe":161,"minecraft:stone_axe":24,"minecraft:wooden_sword":4,"minecraft:cobblestone":9,"minecraft:furnace":4,"minecraft:cooked_porkchop":4,"minecraft:bucket":6},"minecraft:mined":{"minecraft:tuff":4,"minecraft:white_bed":2,"minecraft:crafting_table":6,"minecraft:short_grass":2,"minecraft:grass_block":7,"minecraft:copper_ore":2,"minecraft:lapis_ore":2,"minecraft:sugar_cane":4,"minecraft:diorite":19,"minecraft:furnace":2,"minecraft:iron_ore":48,"minecraft:andesite":5,"minecraft:birch_leaves":2,"minecraft:deepslate_iron_ore":1,"minecraft:oak_log":18,"minecraft:coal_ore":34,"minecraft:sunflower":2,"minecraft:dirt":24,"minecraft:stone":186,"minecraft:gold_ore":4,"minecraft:oak_leaves":8,"minecraft:deepslate":5},"minecraft:broken":{"minecraft:stone_pickaxe":1},"minecraft:dropped":{"minecraft:wheat_seeds":1,"minecraft:raw_copper":6,"minecraft:cooked_mutton":2,"minecraft:sunflower":2,"minecraft:stone_pickaxe":2,"minecraft:iron_pickaxe":1,"minecraft:red_tulip":1},"minecraft:killed_by":{"minecraft:skeleton":1,"minecraft:zombie":2},"minecraft:custom":{"minecraft:interact_with_furnace":24,"minecraft:mob_kills":21,"minecraft:interact_with_crafting_table":27,"minecraft:time_since_death":8422,"minecraft:sleep_in_bed":4,"minecraft:time_since_rest":3970,"minecraft:sprint_one_cm":83853,"minecraft:damage_taken":1215,"minecraft:walk_one_cm":74159,"minecraft:damage_blocked_by_shield":55,"minecraft:drop":15,"minecraft:damage_dealt":3585,"minecraft:swim_one_cm":11907,"minecraft:player_kills":1,"minecraft:fly_one_cm":72946,"minecraft:open_chest":1,"minecraft:crouch_one_cm":4423,"minecraft:play_time":46011,"minecraft:deaths":3,"minecraft:sneak_time":1898,"minecraft:walk_under_water_one_cm":2035,"minecraft:jump":650,"minecraft:walk_on_water_one_cm":5211,"minecraft:total_world_time":46011,"minecraft:fall_one_cm":13863},"minecraft:killed":{"minecraft:pig":4,"minecraft:sheep":3,"minecraft:skeleton":1,"minecraft:zombie":13},"minecraft:crafted":{"minecraft:oak_planks":40,"minecraft:cooked_porkchop":8,"minecraft:crafting_table":1,"minecraft:wooden_pickaxe":1,"minecraft:iron_helmet":1,"minecraft:iron_sword":1,"minecraft:furnace":2,"minecraft:bucket":1,"minecraft:stone_axe":1,"minecraft:cooked_mutton":3,"minecraft:air":0,"minecraft:iron_boots":1,"minecraft:iron_chestplate":1,"minecraft:shield":1,"minecraft:stick":12,"minecraft:iron_ingot":29,"minecraft:iron_pickaxe":2,"minecraft:stone_pickaxe":3,"minecraft:iron_leggings":1,"minecraft:white_bed":1}},"DataVersion":3953}