{"stats":{"minecraft:mined":{"minecraft:crafting_table":5,"minecraft:short_grass":2,"minecraft:grass_block":6,"minecraft:copper_ore":2,"minecraft:sugar_cane":4,"minecraft:diorite":12,"minecraft:furnace":2,"minecraft:iron_ore":16,"minecraft:birch_leaves":2,"minecraft:andesite":5,"minecraft:oak_log":18,"minecraft:coal_ore":33,"minecraft:sunflower":2,"minecraft:dirt":24,"minecraft:stone":172,"minecraft:oak_leaves":8},"minecraft:broken":{"minecraft:stone_pickaxe":1},"minecraft:killed_by":{"minecraft:skeleton":1,"minecraft:zombie":1},"minecraft:used":{"minecraft:stone_pickaxe":131,"minecraft:wooden_pickaxe":9,"minecraft:dirt":17,"minecraft:crafting_table":4,"minecraft:oak_log":1,"minecraft:iron_pickaxe":103,"minecraft:stone_axe":21,"minecraft:wooden_sword":4,"minecraft:cobblestone":6,"minecraft:furnace":2,"minecraft:cooked_porkchop":2},"minecraft:custom":{"minecraft:interact_with_furnace":12,"minecraft:mob_kills":10,"minecraft:interact_with_crafting_table":17,"minecraft:time_since_death":23271,"minecraft:time_since_rest":23298,"minecraft:sprint_one_cm":37281,"minecraft:damage_taken":680,"minecraft:walk_one_cm":38448,"minecraft:drop":12,"minecraft:damage_dealt":1218,"minecraft:swim_one_cm":5093,"minecraft:fly_one_cm":32125,"minecraft:player_kills":1,"minecraft:open_chest":1,"minecraft:crouch_one_cm":1457,"minecraft:play_time":28624,"minecraft:deaths":2,"minecraft:sneak_time":781,"minecraft:walk_under_water_one_cm":165,"minecraft:jump":348,"minecraft:walk_on_water_one_cm":1821,"minecraft:total_world_time":28624,"minecraft:fall_one_cm":5776},"minecraft:dropped":{"minecraft:wheat_seeds":1,"minecraft:raw_copper":6,"minecraft:sunflower":2,"minecraft:stone_pickaxe":2,"minecraft:red_tulip":1},"minecraft:crafted":{"minecraft:oak_planks":40,"minecraft:cooked_porkchop":8,"minecraft:crafting_table":1,"minecraft:wooden_pickaxe":1,"minecraft:iron_sword":1,"minecraft:furnace":1,"minecraft:stone_axe":1,"minecraft:cooked_mutton":3,"minecraft:air":0,"minecraft:iron_chestplate":1,"minecraft:shield":1,"minecraft:stick":8,"minecraft:iron_ingot":9,"minecraft:iron_pickaxe":1,"minecraft:stone_pickaxe":2,"minecraft:white_bed":1},"minecraft:picked_up":{"minecraft:crafting_table":5,"minecraft:andesite":5,"minecraft:wooden_pickaxe":1,"minecraft:oak_log":19,"minecraft:dirt":40,"minecraft:raw_copper":6,"minecraft:wooden_sword":1,"minecraft:bone":1,"minecraft:wheat_seeds":1,"minecraft:iron_ingot":7,"minecraft:stone_pickaxe":1,"minecraft:sugar_cane":9,"minecraft:oak_planks":43,"minecraft:furnace":2,"minecraft:stick":5,"minecraft:raw_iron":16,"minecraft:porkchop":8,"minecraft:diorite":12,"minecraft:red_tulip":2,"minecraft:oak_sapling":9,"minecraft:mutton":3,"minecraft:coal":68,"minecraft:white_wool":3,"minecraft:cobblestone":181,"minecraft:sunflower":2},"minecraft:killed":{"minecraft:pig":4,"minecraft:skeleton":1,"minecraft:sheep":3,"minecraft:zombie":2}},"DataVersion":3953}