{"stats":{"minecraft:mined":{"minecraft:grass_block":2,"minecraft:oak_log":10,"minecraft:dirt":13,"minecraft:stone":1,"minecraft:birch_leaves":2,"minecraft:oak_leaves":8},"minecraft:killed_by":{"minecraft:zombie":1},"minecraft:used":{"minecraft:dirt":3,"minecraft:wooden_pickaxe":1},"minecraft:custom":{"minecraft:time_since_rest":3544,"minecraft:walk_one_cm":9299,"minecraft:crouch_one_cm":617,"minecraft:play_time":4624,"minecraft:sprint_one_cm":5269,"minecraft:damage_taken":485,"minecraft:deaths":1,"minecraft:sneak_time":206,"minecraft:mob_kills":2,"minecraft:jump":97,"minecraft:damage_dealt":368,"minecraft:time_since_death":3506,"minecraft:total_world_time":4624,"minecraft:interact_with_crafting_table":1,"minecraft:player_kills":1,"minecraft:fall_one_cm":2279,"minecraft:fly_one_cm":6338},"minecraft:crafted":{"minecraft:oak_planks":40,"minecraft:stick":4,"minecraft:wooden_pickaxe":1},"minecraft:picked_up":{"minecraft:oak_log":10,"minecraft:oak_sapling":3,"minecraft:dirt":12,"minecraft:cobblestone":1},"minecraft:killed":{"minecraft:zombie":2}},"DataVersion":3953}