{"stats":{"minecraft:picked_up":{"minecraft:crafting_table":7,"minecraft:iron_chestplate":1,"minecraft:water_bucket":1,"minecraft:andesite":10,"minecraft:wooden_pickaxe":2,"minecraft:tuff":5,"minecraft:oak_log":27,"minecraft:shield":1,"minecraft:lapis_lazuli":11,"minecraft:dirt":54,"minecraft:raw_copper":6,"minecraft:wooden_sword":2,"minecraft:cooked_mutton":3,"minecraft:bone":3,"minecraft:wheat_seeds":1,"minecraft:cobbled_deepslate":190,"minecraft:raw_gold":4,"minecraft:iron_ingot":8,"minecraft:stone_pickaxe":2,"minecraft:iron_pickaxe":1,"minecraft:sugar_cane":18,"minecraft:iron_sword":1,"minecraft:oak_planks":69,"minecraft:furnace":2,"minecraft:stick":5,"minecraft:raw_iron":50,"minecraft:cooked_porkchop":4,"minecraft:fire_charge":1,"minecraft:porkchop":8,"minecraft:diorite":31,"minecraft:white_bed":2,"minecraft:arrow":1,"minecraft:rotten_flesh":11,"minecraft:diamond":57,"minecraft:stone_axe":1,"minecraft:red_tulip":2,"minecraft:oak_sapling":15,"minecraft:obsidian":4,"minecraft:mutton":3,"minecraft:coal":69,"minecraft:white_wool":3,"minecraft:cobblestone":344,"minecraft:sunflower":2},"minecraft:used":{"minecraft:cooked_mutton":1,"minecraft:water_bucket":6,"minecraft:stone_pickaxe":143,"minecraft:wooden_pickaxe":9,"minecraft:shield":7,"minecraft:iron_sword":49,"minecraft:rotten_flesh":1,"minecraft:dirt":17,"minecraft:crafting_table":8,"minecraft:white_bed":3,"minecraft:oak_log":1,"minecraft:diamond_pickaxe":42,"minecraft:iron_pickaxe":359,"minecraft:stone_axe":25,"minecraft:wooden_sword":4,"minecraft:cobblestone":17,"minecraft:furnace":4,"minecraft:cooked_porkchop":6,"minecraft:bucket":7},"minecraft:mined":{"minecraft:tuff":5,"minecraft:white_bed":2,"minecraft:deepslate_diamond_ore":58,"minecraft:crafting_table":7,"minecraft:short_grass":2,"minecraft:grass_block":7,"minecraft:copper_ore":2,"minecraft:lapis_ore":2,"minecraft:sugar_cane":4,"minecraft:diorite":19,"minecraft:furnace":2,"minecraft:iron_ore":48,"minecraft:andesite":5,"minecraft:birch_leaves":2,"minecraft:deepslate_iron_ore":2,"minecraft:oak_log":18,"minecraft:coal_ore":34,"minecraft:sunflower":2,"minecraft:dirt":24,"minecraft:stone":186,"minecraft:gold_ore":4,"minecraft:oak_leaves":8,"minecraft:deepslate":185},"minecraft:broken":{"minecraft:stone_pickaxe":1,"minecraft:iron_pickaxe":1},"minecraft:dropped":{"minecraft:wheat_seeds":1,"minecraft:raw_copper":6,"minecraft:cooked_mutton":2,"minecraft:sunflower":2,"minecraft:stone_pickaxe":2,"minecraft:iron_pickaxe":1,"minecraft:red_tulip":1},"minecraft:killed_by":{"minecraft:skeleton":1,"minecraft:zombie":2},"minecraft:custom":{"minecraft:interact_with_furnace":24,"minecraft:mob_kills":24,"minecraft:interact_with_crafting_table":28,"minecraft:time_since_death":20422,"minecraft:sleep_in_bed":4,"minecraft:time_since_rest":15970,"minecraft:sprint_one_cm":85432,"minecraft:damage_taken":1355,"minecraft:walk_one_cm":95891,"minecraft:damage_blocked_by_shield":110,"minecraft:drop":15,"minecraft:damage_dealt":4305,"minecraft:swim_one_cm":11907,"minecraft:player_kills":1,"minecraft:fly_one_cm":73555,"minecraft:open_chest":1,"minecraft:crouch_one_cm":7767,"minecraft:play_time":58011,"minecraft:deaths":3,"minecraft:sneak_time":4405,"minecraft:walk_under_water_one_cm":2071,"minecraft:jump":709,"minecraft:walk_on_water_one_cm":5336,"minecraft:total_world_time":58011,"minecraft:fall_one_cm":14619},"minecraft:killed":{"minecraft:pig":4,"minecraft:sheep":3,"minecraft:skeleton":3,"minecraft:zombie":14},"minecraft:crafted":{"minecraft:oak_planks":40,"minecraft:cooked_porkchop":8,"minecraft:crafting_table":2,"minecraft:wooden_pickaxe":1,"minecraft:iron_helmet":1,"minecraft:iron_sword":1,"minecraft:furnace":2,"minecraft:bucket":1,"minecraft:stone_axe":1,"minecraft:cooked_mutton":3,"minecraft:air":0,"minecraft:iron_boots":1,"minecraft:iron_chestplate":1,"minecraft:diamond_pickaxe":1,"minecraft:shield":1,"minecraft:stick":16,"minecraft:iron_ingot":29,"minecraft:iron_pickaxe":2,"minecraft:stone_pickaxe":3,"minecraft:iron_leggings":1,"minecraft:white_bed":1}},"DataVersion":3953}