{"stats":{"minecraft:mined":{"minecraft:birch_log":5,"minecraft:oak_log":7,"minecraft:white_tulip":1,"minecraft:oak_leaves":1},"minecraft:custom":{"minecraft:jump":35,"minecraft:time_since_rest":3658,"minecraft:damage_dealt":200,"minecraft:crouch_one_cm":63,"minecraft:sprint_one_cm":5560,"minecraft:play_time":3658,"minecraft:damage_taken":10,"minecraft:time_since_death":3658,"minecraft:walk_one_cm":10079,"minecraft:sneak_time":8,"minecraft:total_world_time":3658,"minecraft:mob_kills":2,"minecraft:fall_one_cm":335,"minecraft:fly_one_cm":3706},"minecraft:crafted":{"minecraft:oak_planks":28},"minecraft:picked_up":{"minecraft:beef":5,"minecraft:oak_log":7,"minecraft:leather":4,"minecraft:birch_log":5},"minecraft:killed":{"minecraft:cow":2}},"DataVersion":3953}