{"stats":{"minecraft:mined":{"minecraft:birch_log":6,"minecraft:oak_log":7,"minecraft:coal_ore":25,"minecraft:cobblestone":2,"minecraft:white_tulip":1,"minecraft:stone":95,"minecraft:oak_leaves":1},"minecraft:used":{"minecraft:cooked_mutton":1,"minecraft:stone_pickaxe":120,"minecraft:iron_pickaxe":2,"minecraft:wooden_pickaxe":3,"minecraft:torch":3,"minecraft:cobblestone":15,"minecraft:crafting_table":1,"minecraft:furnace":2},"minecraft:custom":{"minecraft:time_since_rest":118,"minecraft:interact_with_furnace":2,"minecraft:sprint_one_cm":25210,"minecraft:damage_taken":187,"minecraft:walk_one_cm":36770,"minecraft:mob_kills":3,"minecraft:damage_dealt":282,"minecraft:interact_with_crafting_table":3,"minecraft:fly_one_cm":16588,"minecraft:crouch_one_cm":223,"minecraft:play_time":15658,"minecraft:sneak_time":48,"minecraft:jump":160,"minecraft:time_since_death":15658,"minecraft:walk_on_water_one_cm":104,"minecraft:sleep_in_bed":1,"minecraft:total_world_time":15658,"minecraft:fall_one_cm":3550},"minecraft:crafted":{"minecraft:oak_planks":28,"minecraft:crafting_table":1,"minecraft:stick":4,"minecraft:stone_pickaxe":1,"minecraft:furnace":2,"minecraft:birch_planks":24,"minecraft:torch":4},"minecraft:picked_up":{"minecraft:birch_log":6,"minecraft:leather":4,"minecraft:wooden_pickaxe":1,"minecraft:oak_log":7,"minecraft:cooked_mutton":1,"minecraft:beef":5,"minecraft:iron_pickaxe":1,"minecraft:coal":25,"minecraft:cobblestone":101},"minecraft:killed":{"minecraft:zombie":1,"minecraft:cow":2}},"DataVersion":3953}