{"stats":{"minecraft:used":{"minecraft:cooked_mutton":1,"minecraft:stone_pickaxe":147,"minecraft:iron_pickaxe":15,"minecraft:wooden_pickaxe":5,"minecraft:stone_axe":1,"minecraft:torch":6,"minecraft:cobblestone":23,"minecraft:crafting_table":1,"minecraft:furnace":2,"minecraft:cooked_beef":1},"minecraft:picked_up":{"minecraft:birch_log":6,"minecraft:crafting_table":2,"minecraft:cooked_beef":2,"minecraft:leather":4,"minecraft:torch":4,"minecraft:wooden_pickaxe":2,"minecraft:gravel":1,"minecraft:birch_planks":12,"minecraft:oak_log":7,"minecraft:cooked_mutton":1,"minecraft:stone_pickaxe":1,"minecraft:iron_ingot":2,"minecraft:beef":5,"minecraft:iron_pickaxe":2,"minecraft:oak_planks":28,"minecraft:coal":47,"minecraft:furnace":2,"minecraft:cobblestone":194,"minecraft:ender_pearl":1},"minecraft:mined":{"minecraft:furnace":2,"minecraft:birch_log":6,"minecraft:crafting_table":1,"minecraft:torch":1,"minecraft:coal_ore":25,"minecraft:oak_log":7,"minecraft:gravel":1,"minecraft:cobblestone":7,"minecraft:white_tulip":1,"minecraft:stone":116,"minecraft:wall_torch":3,"minecraft:oak_leaves":1},"minecraft:broken":{"minecraft:stone_pickaxe":1},"minecraft:dropped":{"minecraft:iron_ingot":11},"minecraft:killed_by":{"minecraft:player":1},"minecraft:custom":{"minecraft:time_since_rest":4289,"minecraft:interact_with_furnace":8,"minecraft:sprint_one_cm":41863,"minecraft:damage_taken":427,"minecraft:walk_one_cm":64794,"minecraft:mob_kills":4,"minecraft:drop":10,"minecraft:damage_dealt":682,"minecraft:interact_with_crafting_table":5,"minecraft:fly_one_cm":37883,"minecraft:crouch_one_cm":226,"minecraft:play_time":23829,"minecraft:deaths":1,"minecraft:sneak_time":51,"minecraft:jump":318,"minecraft:walk_on_water_one_cm":104,"minecraft:time_since_death":4265,"minecraft:sleep_in_bed":1,"minecraft:total_world_time":23829,"minecraft:fall_one_cm":6949},"minecraft:killed":{"minecraft:zombie":1,"minecraft:enderman":1,"minecraft:cow":2},"minecraft:crafted":{"minecraft:oak_planks":28,"minecraft:crafting_table":2,"minecraft:stick":16,"minecraft:iron_ingot":9,"minecraft:stone_pickaxe":2,"minecraft:furnace":2,"minecraft:torch":4,"minecraft:birch_planks":24,"minecraft:stone_axe":1,"minecraft:air":0,"minecraft:cooked_beef":3}},"DataVersion":3953}