{"stats":{"minecraft:used":{"minecraft:cooked_mutton":1,"minecraft:stone_pickaxe":391,"minecraft:iron_pickaxe":15,"minecraft:wooden_pickaxe":16,"minecraft:stone_axe":1,"minecraft:torch":8,"minecraft:cobblestone":25,"minecraft:crafting_table":2,"minecraft:furnace":5,"minecraft:cooked_beef":1},"minecraft:picked_up":{"minecraft:birch_log":6,"minecraft:raw_iron":11,"minecraft:crafting_table":2,"minecraft:cooked_beef":2,"minecraft:andesite":31,"minecraft:leather":4,"minecraft:torch":6,"minecraft:wooden_pickaxe":2,"minecraft:gravel":3,"minecraft:birch_planks":12,"minecraft:oak_log":7,"minecraft:raw_copper":8,"minecraft:cooked_mutton":1,"minecraft:granite":4,"minecraft:cobbled_deepslate":13,"minecraft:stone_pickaxe":1,"minecraft:iron_ingot":2,"minecraft:beef":5,"minecraft:iron_pickaxe":2,"minecraft:oak_planks":28,"minecraft:coal":83,"minecraft:furnace":2,"minecraft:cobblestone":345,"minecraft:ender_pearl":1},"minecraft:mined":{"minecraft:furnace":2,"minecraft:iron_ore":11,"minecraft:birch_log":6,"minecraft:andesite":31,"minecraft:crafting_table":1,"minecraft:torch":1,"minecraft:granite":4,"minecraft:coal_ore":61,"minecraft:oak_log":7,"minecraft:gravel":4,"minecraft:copper_ore":3,"minecraft:cobblestone":9,"minecraft:white_tulip":1,"minecraft:stone":266,"minecraft:deepslate":13,"minecraft:wall_torch":5,"minecraft:oak_leaves":1},"minecraft:broken":{"minecraft:stone_pickaxe":2},"minecraft:dropped":{"minecraft:iron_ingot":11},"minecraft:killed_by":{"minecraft:player":1},"minecraft:custom":{"minecraft:time_since_rest":16289,"minecraft:interact_with_furnace":11,"minecraft:sprint_one_cm":43624,"minecraft:damage_taken":427,"minecraft:walk_one_cm":81277,"minecraft:mob_kills":4,"minecraft:drop":10,"minecraft:damage_dealt":682,"minecraft:interact_with_crafting_table":7,"minecraft:fly_one_cm":38961,"minecraft:crouch_one_cm":226,"minecraft:play_time":35829,"minecraft:deaths":1,"minecraft:sneak_time":51,"minecraft:jump":407,"minecraft:walk_on_water_one_cm":104,"minecraft:time_since_death":16265,"minecraft:sleep_in_bed":1,"minecraft:total_world_time":35829,"minecraft:fall_one_cm":7218},"minecraft:killed":{"minecraft:zombie":1,"minecraft:enderman":1,"minecraft:cow":2},"minecraft:crafted":{"minecraft:oak_planks":28,"minecraft:crafting_table":2,"minecraft:stick":16,"minecraft:iron_ingot":9,"minecraft:stone_pickaxe":3,"minecraft:furnace":3,"minecraft:torch":4,"minecraft:birch_planks":24,"minecraft:stone_axe":1,"minecraft:air":0,"minecraft:cooked_beef":3}},"DataVersion":3953}