{"stats":{"minecraft:used":{"minecraft:cooked_mutton":1,"minecraft:stone_pickaxe":393,"minecraft:wooden_pickaxe":20,"minecraft:torch":8,"minecraft:crafting_table":2,"minecraft:diamond_pickaxe":3,"minecraft:iron_pickaxe":15,"minecraft:stone_axe":70,"minecraft:cobblestone":54,"minecraft:furnace":5,"minecraft:andesite":12,"minecraft:cooked_beef":3},"minecraft:picked_up":{"minecraft:birch_log":12,"minecraft:crafting_table":3,"minecraft:cooked_beef":2,"minecraft:andesite":31,"minecraft:leather":6,"minecraft:wooden_pickaxe":2,"minecraft:birch_planks":12,"minecraft:oak_log":45,"minecraft:cornflower":2,"minecraft:dirt":1,"minecraft:raw_copper":8,"minecraft:cooked_mutton":1,"minecraft:wheat_seeds":1,"minecraft:cobbled_deepslate":13,"minecraft:beef":6,"minecraft:iron_ingot":2,"minecraft:stone_pickaxe":1,"minecraft:iron_pickaxe":2,"minecraft:oak_planks":28,"minecraft:furnace":5,"minecraft:raw_iron":11,"minecraft:torch":6,"minecraft:gravel":3,"minecraft:porkchop":2,"minecraft:carrot":4,"minecraft:diamond_chestplate":1,"minecraft:granite":4,"minecraft:oak_sapling":4,"minecraft:mutton":3,"minecraft:coal":103,"minecraft:white_wool":2,"minecraft:ender_pearl":1,"minecraft:cobblestone":350,"minecraft:diamond_pickaxe":1},"minecraft:mined":{"minecraft:crafting_table":2,"minecraft:cornflower":1,"minecraft:torch":1,"minecraft:granite":4,"minecraft:cobblestone":12,"minecraft:copper_ore":3,"minecraft:wall_torch":5,"minecraft:furnace":5,"minecraft:carrots":1,"minecraft:wheat":1,"minecraft:birch_log":13,"minecraft:iron_ore":11,"minecraft:andesite":31,"minecraft:oak_log":47,"minecraft:coal_ore":61,"minecraft:dirt_path":1,"minecraft:gravel":4,"minecraft:stone":269,"minecraft:white_tulip":1,"minecraft:oak_leaves":4,"minecraft:deepslate":13},"minecraft:broken":{"minecraft:stone_pickaxe":3},"minecraft:dropped":{"minecraft:iron_ingot":11,"minecraft:cooked_beef":2,"minecraft:diamond_chestplate":1},"minecraft:killed_by":{"minecraft:player":1},"minecraft:custom":{"minecraft:interact_with_furnace":15,"minecraft:mob_kills":13,"minecraft:interact_with_crafting_table":11,"minecraft:time_since_death":28265,"minecraft:sleep_in_bed":3,"minecraft:time_since_rest":0,"minecraft:sprint_one_cm":67177,"minecraft:damage_taken":751,"minecraft:walk_one_cm":120226,"minecraft:drop":13,"minecraft:damage_dealt":1546,"minecraft:fly_one_cm":51743,"minecraft:crouch_one_cm":1099,"minecraft:play_time":47829,"minecraft:deaths":1,"minecraft:sneak_time":793,"minecraft:jump":605,"minecraft:walk_on_water_one_cm":104,"minecraft:total_world_time":47829,"minecraft:fall_one_cm":10000},"minecraft:killed":{"minecraft:pig":1,"minecraft:sheep":2,"minecraft:zombie":1,"minecraft:bee":5,"minecraft:cow":3,"minecraft:enderman":1},"minecraft:crafted":{"minecraft:cooked_beef":3,"minecraft:oak_planks":28,"minecraft:crafting_table":2,"minecraft:furnace":3,"minecraft:birch_planks":24,"minecraft:stone_axe":1,"minecraft:air":0,"minecraft:iron_chestplate":1,"minecraft:stick":16,"minecraft:iron_ingot":20,"minecraft:stone_pickaxe":3,"minecraft:torch":4}},"DataVersion":3953}